Workbook

Sheet Как_пользоваться
A1: План работ по стримам — личный слой планирования (не замена доска)
A2: доска остаётся отчётной доской. Этот файл — последовательность, связи, кто, когда, зачем (бизнес), к какой контрольной точке. Строки с пометкой ПРИМЕР замените своими.
A4: Лист | B4: Зачем | C4: Как часто
A5: Сводка | B5: Картина недели: сколько задач по стримам, что блокирует цель, что ★ | C5: Открывать утром
A6: План_работ | B6: Главный план: задача, даты, ответственный, ресурс, бизнес, КТ, календарь по неделям | C6: Пн и Пт
A7: Контрольные_точки | B7: Вехи и КТ проекта, в т.ч. выход в цель проекта | C7: При сдвиге дат
A8: Бизнес_задачи | B8: Зачем это бизнесу / проекту — к ним привязываются строки плана | C8: При новой теме
A9: Взаимосвязи | B9: Что от чего зависит (не только колонка «предшественник») | C9: Когда путаетесь в порядке
A10: Подстрим 5.2 | B10: Люди, стенды, внешние — кто на каком стриме и % загрузки | C10: Раз в неделю
A11: Справочники | B11: Списки для выпадающих полей (скрыт) | C11: Не трогать без нужды
A13: Правила, чтобы файл не превратился в ту же кашу, что доска
A14: 1. В «План_работ» держите не больше ~25 активных строк. Остальное — статус «Отложено» или «Передано».
A15: 2. Колонка «Следующий шаг» — одно действие на 30–90 минут, не «сделать архитектуру».
A16: 3. ★ Фокус недели — максимум 3 строки (ваши ключевые задачи). Остальное не подсвечивать.
A17: 4. Стрим 5 (финансы, обучение, закупки…) — отдельные строки только если есть ваш срок или вас спрашивают на ежедневный статус.
A18: 5. Даты в примерах — шаблон на август–ноябрь 2026. Сдвиньте под свои КТ, не оставляйте чужие цифры.
A19: 6. Master-артефакты (документ этапа, схемы, расчёт параметров) указывайте в «Источник» как путь на общий диск, не копируйте файл сюда.
A20: 7. После 01.09 верните чужие стримы второму роль ведения: статус «Передано», в «Ответственный» — его имя.
A22: Цвета стримов (те же на плане и календаре)
A23: Стрим 1
A24: Стрим 2
A25: Стрим 3
... A30: Как читать календарь справа на листе «План_работ»: точка в неделе = задача идёт в эти даты. Жёлтая заливка недели = пересечение с контрольной точкой цель (см. лист КТ).

Sheet Сводка
A1: Сводка на неделю — открывать вместо полной доски задач
A2: Цифры считаются с листа «План_работ». Пустые строки не мешают. ★ — не больше трёх.
A4: По стримам
A5: Стрим | B5: Всего задач | C5: В работе + жду | D5: Готово | E5: Блокируют цель | F5: ★ фокус
A6: Стрим 1 | B6: =COUNTIFS(План_работ!$C$5:$C$40,A6,План_работ!$A$5:$A$40,"<>") | C6: =COUNTIFS(План_работ!$C$5:$C$40,A6,План_работ!$P$5:$P$40,"В работе")+COUNTIFS(План_работ!$C$5:$C$40,A6,План_работ!$P$5:$P$40,"Жду") | D6: =COUNTIFS(План_работ!$C$5:$C$40,A6,План_работ!$P$5:$P$40,"Готово") | E6: =COUNTIFS(План_работ!$C$5:$C$40,A6,План_работ!$R$5:$R$40,"да") | F6: =COUNTIFS(План_работ!$C$5:$C$40,A6,План_работ!$B$5:$B$40,"★")
A7: Стрим 2 | B7: =COUNTIFS(План_работ!$C$5:$C$40,A7,План_работ!$A$5:$A$40,"<>") | C7: =COUNTIFS(План_работ!$C$5:$C$40,A7,План_работ!$P$5:$P$40,"В работе")+COUNTIFS(План_работ!$C$5:$C$40,A7,План_работ!$P$5:$P$40,"Жду") | D7: =COUNTIFS(План_работ!$C$5:$C$40,A7,План_работ!$P$5:$P$40,"Готово") | E7: =COUNTIFS(План_работ!$C$5:$C$40,A7,План_работ!$R$5:$R$40,"да") | F7: =COUNTIFS(План_работ!$C$5:$C$40,A7,План_работ!$B$5:$B$40,"★")
A8: Стрим 3 | B8: =COUNTIFS(План_работ!$C$5:$C$40,A8,План_работ!$A$5:$A$40,"<>") | C8: =COUNTIFS(План_работ!$C$5:$C$40,A8,План_работ!$P$5:$P$40,"В работе")+COUNTIFS(План_работ!$C$5:$C$40,A8,План_работ!$P$5:$P$40,"Жду") | D8: =COUNTIFS(План_работ!$C$5:$C$40,A8,План_работ!$P$5:$P$40,"Готово") | E8: =COUNTIFS(План_работ!$C$5:$C$40,A8,План_работ!$R$5:$R$40,"да") | F8: =COUNTIFS(План_работ!$C$5:$C$40,A8,План_работ!$B$5:$B$40,"★")
A9: Стрим 4 | B9: =COUNTIFS(План_работ!$C$5:$C$40,A9,План_работ!$A$5:$A$40,"<>") | C9: =COUNTIFS(План_работ!$C$5:$C$40,A9,План_работ!$P$5:$P$40,"В работе")+COUNTIFS(План_работ!$C$5:$C$40,A9,План_работ!$P$5:$P$40,"Жду") | D9: =COUNTIFS(План_работ!$C$5:$C$40,A9,План_работ!$P$5:$P$40,"Готово") | E9: =COUNTIFS(План_работ!$C$5:$C$40,A9,План_работ!$R$5:$R$40,"да") | F9: =COUNTIFS(План_работ!$C$5:$C$40,A9,План_работ!$B$5:$B$40,"★")
A10: Стрим 5 | B10: =COUNTIFS(План_работ!$C$5:$C$40,A10,План_работ!$A$5:$A$40,"<>") | C10: =COUNTIFS(План_работ!$C$5:$C$40,A10,План_работ!$P$5:$P$40,"В работе")+COUNTIFS(План_работ!$C$5:$C$40,A10,План_работ!$P$5:$P$40,"Жду") | D10: =COUNTIFS(План_работ!$C$5:$C$40,A10,План_работ!$P$5:$P$40,"Готово") | E10: =COUNTIFS(План_работ!$C$5:$C$40,A10,План_работ!$R$5:$R$40,"да") | F10: =COUNTIFS(План_работ!$C$5:$C$40,A10,План_работ!$B$5:$B$40,"★")
A11: Итого | B11: =SUM(B6:B10) | C11: =SUM(C6:C10) | D11: =SUM(D6:D10) | E11: =SUM(E6:E10) | F11: =SUM(F6:F10)
A13: Контроль
A14: Просрочено (окончание < сегодня, не готово) | E14: =COUNTIFS(План_работ!$I$5:$I$40,"<"&TODAY(),План_работ!$P$5:$P$40,"<>Готово",План_работ!$P$5:$P$40,"<>Отложено",План_работ!$P$5:$P$40,"<>Передано",План_работ!$A$5:$A$40,"<>")
A15: Жду кого-то | E15: =COUNTIF(План_работ!$P$5:$P$40,"Жду")
A16: Блокируют цель проекта | E16: =COUNTIF(План_работ!$R$5:$R$40,"да")
A17: Фокус недели ★ (цель: 3) | E17: =COUNTIF(План_работ!$B$5:$B$40,"★")
A18: Ближайшая КТ (дата) | E18: =MIN(Контрольные_точки!D5:D15)
A20: Ближайшие контрольные точки
A21: ID | B21: Название | C21: Дата | D21: Статус | E21: Бизнес
A22: =Контрольные_точки!A5 | B22: =Контрольные_точки!C5 | C22: =Контрольные_точки!D5 | D22: =Контрольные_точки!H5 | E22: =Контрольные_точки!E5
A23: =Контрольные_точки!A6 | B23: =Контрольные_точки!C6 | C23: =Контрольные_точки!D6 | D23: =Контрольные_точки!H6 | E23: =Контрольные_точки!E6
A24: =Контрольные_точки!A7 | B24: =Контрольные_точки!C7 | C24: =Контрольные_точки!D7 | D24: =Контрольные_точки!H7 | E24: =Контрольные_точки!E7
A25: =Контрольные_точки!A8 | B25: =Контрольные_точки!C8 | C25: =Контрольные_точки!D8 | D25: =Контрольные_точки!H8 | E25: =Контрольные_точки!E8
A26: =Контрольные_точки!A9 | B26: =Контрольные_точки!C9 | C26: =Контрольные_точки!D9 | D26: =Контрольные_точки!H9 | E26: =Контрольные_точки!E9
A28: Три ★ на эту неделю (подтянутся с плана)
A29: =TEXTJOIN(" · ",TRUE,IF(План_работ!B5:B40="★",План_работ!A5:A40&" "&План_работ!E5:E40,""))
A31: Шаблон статуса в чат (скопировать после обновления ★)
A32: Статус [дата] • Стрим 1: … / следующий шаг: … • Стрим 3: … / жду: … • Стрим 2: … • На неделе закрываю: (три ★) • Блокер: нет / есть: …

Sheet План_работ
A1: План работ по стримам · даты · ответственные · ресурсы · бизнес · контрольные точки · календарь по неделям
A2: Обезличенный ПРИМЕР. Замените участников, даты и «следующий шаг». Колонка ★ — не больше трёх. Календарь справа от дат начала/окончания.
V3: Календарь: ● = задача идёт в эту неделю. Жёлтая шапка = неделя цели (KT-05).
A4: ID | B4: ★ | C4: Стрим | D4: Подстрим | E4: Задача | F4: Бизнес ID | G4: КТ | H4: Начало | I4: Окончание | J4: Дней | K4: Ответственный | L4: Ресурс / роль | M4: Загрузка % | N4: Предшественники | O4: Тип связи | P4: Статус | Q4: % | R4: Блокирует цель | S4: Следующий шаг | T4: Источник | U4: Комментарий | V4: 46258 | W4: 46265 | X4: 46272 | Y4: 46279 | Z4: 46286 | AA4: 46293 | AB4: 46300 | AC4: 46307 | AD4: 46314 | AE4: 46321 | AF4: 46328 | AG4: 46335 | AH4: 46342
A5: S1-01 | C5: Стрим 1 | D5: — | E5: Задача 1.1: подготовить документ этапа | F5: B-02 | G5: KT-02 | H5: 46258 | I5: 46277 | J5: =IF(OR(H5="",I5=""),"",I5-H5+1) | K5: Участник A | L5: Роль A | M5: 0.5 | P5: В работе | Q5: 0.4 | R5: да | S5: Собрать открытые замечания в один список | T5: Источник: общий диск / протоколы | U5: Вход для следующих задач стрима | V5: =IF(OR($H5="",$I5=""),"",IF(AND($H5<=V$4+6,$I5>=V$4),"●","")) | W5: =IF(OR($H5="",$I5=""),"",IF(AND($H5<=W$4+6,$I5>=W$4),"●","")) | X5: =IF(OR($H5="",$I5=""),"",IF(AND($H5<=X$4+6,$I5>=X$4),"●","")) | Y5: =IF(OR($H5="",$I5=""),"",IF(AND($H5<=Y$4+6,$I5>=Y$4),"●","")) | Z5: =IF(OR($H5="",$I5=""),"",IF(AND($H5<=Z$4+6,$I5>=Z$4),"●","")) | AA5: =IF(OR($H5="",$I5=""),"",IF(AND($H5<=AA$4+6,$I5>=AA$4),"●","")) | AB5: =IF(OR($H5="",$I5=""),"",IF(AND($H5<=AB$4+6,$I5>=AB$4),"●","")) | AC5: =IF(OR($H5="",$I5=""),"",IF(AND($H5<=AC$4+6,$I5>=AC$4),"●","")) | ... AH5: =IF(OR($H5="",$I5=""),"",IF(AND($H5<=AH$4+6,$I5>=AH$4),"●",""))
A6: S1-02 | C6: Стрим 1 | D6: — | E6: Задача 1.2: подготовить схемы по документу | F6: B-02 | G6: KT-03 | H6: 46273 | I6: 46284 | J6: =IF(OR(H6="",I6=""),"",I6-H6+1) | K6: Участник A | L6: Роль B | M6: 0.4 | N6: S1-01 | O6: ОН (окончание→начало) | P6: Не начато | Q6: 0 | R6: да | S6: Начать после стабилизации ключевых разделов документа | T6: Источник: папка схем | U6: Можно стартовать с лагом, если документ почти готов | V6: =IF(OR($H6="",$I6=""),"",IF(AND($H6<=V$4+6,$I6>=V$4),"●","")) | W6: =IF(OR($H6="",$I6=""),"",IF(AND($H6<=W$4+6,$I6>=W$4),"●","")) | X6: =IF(OR($H6="",$I6=""),"",IF(AND($H6<=X$4+6,$I6>=X$4),"●","")) | Y6: =IF(OR($H6="",$I6=""),"",IF(AND($H6<=Y$4+6,$I6>=Y$4),"●","")) | Z6: =IF(OR($H6="",$I6=""),"",IF(AND($H6<=Z$4+6,$I6>=Z$4),"●","")) | AA6: =IF(OR($H6="",$I6=""),"",IF(AND($H6<=AA$4+6,$I6>=AA$4),"●","")) | AB6: =IF(OR($H6="",$I6=""),"",IF(AND($H6<=AB$4+6,$I6>=AB$4),"●","")) | AC6: =IF(OR($H6="",$I6=""),"",IF(AND($H6<=AC$4+6,$I6>=AC$4),"●","")) | ... AH6: =IF(OR($H6="",$I6=""),"",IF(AND($H6<=AH$4+6,$I6>=AH$4),"●",""))
A7: S1-03 | B7: ★ | C7: Стрим 1 | D7: — | E7: Задача 1.3: рассчитать параметры контура | F7: B-02 | G7: KT-03 | H7: 46280 | I7: 46291 | J7: =IF(OR(H7="",I7=""),"",I7-H7+1) | K7: Участник A | L7: Роль A + Роль C | M7: 0.6 | N7: S1-02 | O7: ОН (окончание→начало) | P7: Не начато | Q7: 0 | R7: да | S7: Набросать структуру таблицы параметров по зонам | T7: Источник: таблица параметров | U7: Типичный фокус недели | V7: =IF(OR($H7="",$I7=""),"",IF(AND($H7<=V$4+6,$I7>=V$4),"●","")) | W7: =IF(OR($H7="",$I7=""),"",IF(AND($H7<=W$4+6,$I7>=W$4),"●","")) | X7: =IF(OR($H7="",$I7=""),"",IF(AND($H7<=X$4+6,$I7>=X$4),"●","")) | Y7: =IF(OR($H7="",$I7=""),"",IF(AND($H7<=Y$4+6,$I7>=Y$4),"●","")) | Z7: =IF(OR($H7="",$I7=""),"",IF(AND($H7<=Z$4+6,$I7>=Z$4),"●","")) | AA7: =IF(OR($H7="",$I7=""),"",IF(AND($H7<=AA$4+6,$I7>=AA$4),"●","")) | AB7: =IF(OR($H7="",$I7=""),"",IF(AND($H7<=AB$4+6,$I7>=AB$4),"●","")) | AC7: =IF(OR($H7="",$I7=""),"",IF(AND($H7<=AC$4+6,$I7>=AC$4),"●","")) | ... AH7: =IF(OR($H7="",$I7=""),"",IF(AND($H7<=AH$4+6,$I7>=AH$4),"●",""))
A8: S1-04 | C8: Стрим 1 | D8: — | E8: Задача 1.4: собрать пакет артефактов к цели | F8: B-01 | G8: KT-05 | H8: 46301 | I8: 46312 | J8: =IF(OR(H8="",I8=""),"",I8-H8+1) | K8: Участник A | L8: Роль A | M8: 0.3 | N8: S1-03,S2-03,S3-03 | O8: ОН (окончание→начало) | P8: Не начато | Q8: 0 | R8: да | S8: Собрать чеклист артефактов и ссылок | T8: Источник: КТ цели + диск | U8: Сходится со стримами 2 и 3 | V8: =IF(OR($H8="",$I8=""),"",IF(AND($H8<=V$4+6,$I8>=V$4),"●","")) | W8: =IF(OR($H8="",$I8=""),"",IF(AND($H8<=W$4+6,$I8>=W$4),"●","")) | X8: =IF(OR($H8="",$I8=""),"",IF(AND($H8<=X$4+6,$I8>=X$4),"●","")) | Y8: =IF(OR($H8="",$I8=""),"",IF(AND($H8<=Y$4+6,$I8>=Y$4),"●","")) | Z8: =IF(OR($H8="",$I8=""),"",IF(AND($H8<=Z$4+6,$I8>=Z$4),"●","")) | AA8: =IF(OR($H8="",$I8=""),"",IF(AND($H8<=AA$4+6,$I8>=AA$4),"●","")) | AB8: =IF(OR($H8="",$I8=""),"",IF(AND($H8<=AB$4+6,$I8>=AB$4),"●","")) | AC8: =IF(OR($H8="",$I8=""),"",IF(AND($H8<=AC$4+6,$I8>=AC$4),"●","")) | ... AH8: =IF(OR($H8="",$I8=""),"",IF(AND($H8<=AH$4+6,$I8>=AH$4),"●",""))
A9: S2-01 | C9: Стрим 2 | D9: — | E9: Задача 2.1: зафиксировать требования к среде | F9: B-02 | G9: KT-03 | H9: 46265 | I9: 46277 | J9: =IF(OR(H9="",I9=""),"",I9-H9+1) | K9: Участник C | L9: Роль C | M9: 0.4 | N9: S1-01 | O9: НН (начало→начало) | P9: В работе | Q9: 0.2 | R9: да | S9: Запросить список открытых вопросов к документу | T9: Источник: протокол встречи | U9: Параллельно документу стрима 1 | V9: =IF(OR($H9="",$I9=""),"",IF(AND($H9<=V$4+6,$I9>=V$4),"●","")) | W9: =IF(OR($H9="",$I9=""),"",IF(AND($H9<=W$4+6,$I9>=W$4),"●","")) | X9: =IF(OR($H9="",$I9=""),"",IF(AND($H9<=X$4+6,$I9>=X$4),"●","")) | Y9: =IF(OR($H9="",$I9=""),"",IF(AND($H9<=Y$4+6,$I9>=Y$4),"●","")) | Z9: =IF(OR($H9="",$I9=""),"",IF(AND($H9<=Z$4+6,$I9>=Z$4),"●","")) | AA9: =IF(OR($H9="",$I9=""),"",IF(AND($H9<=AA$4+6,$I9>=AA$4),"●","")) | AB9: =IF(OR($H9="",$I9=""),"",IF(AND($H9<=AB$4+6,$I9>=AB$4),"●","")) | AC9: =IF(OR($H9="",$I9=""),"",IF(AND($H9<=AC$4+6,$I9>=AC$4),"●","")) | ... AH9: =IF(OR($H9="",$I9=""),"",IF(AND($H9<=AH$4+6,$I9>=AH$4),"●",""))
A10: S2-02 | C10: Стрим 2 | D10: — | E10: Задача 2.2: подготовить / развернуть среду | F10: B-01 | G10: KT-05 | H10: 46279 | I10: 46304 | J10: =IF(OR(H10="",I10=""),"",I10-H10+1) | K10: Участник C | L10: Среда / стенд | M10: 0.7 | N10: S2-01,S1-03 | O10: ОН (окончание→начало) | P10: Не начато | Q10: 0 | R10: да | S10: Уточнить дату готовности среды письмом | T10: Источник: чат / письмо | U10: Параметры стрима 1 должны подтвердить объём | V10: =IF(OR($H10="",$I10=""),"",IF(AND($H10<=V$4+6,$I10>=V$4),"●","")) | W10: =IF(OR($H10="",$I10=""),"",IF(AND($H10<=W$4+6,$I10>=W$4),"●","")) | X10: =IF(OR($H10="",$I10=""),"",IF(AND($H10<=X$4+6,$I10>=X$4),"●","")) | Y10: =IF(OR($H10="",$I10=""),"",IF(AND($H10<=Y$4+6,$I10>=Y$4),"●","")) | Z10: =IF(OR($H10="",$I10=""),"",IF(AND($H10<=Z$4+6,$I10>=Z$4),"●","")) | AA10: =IF(OR($H10="",$I10=""),"",IF(AND($H10<=AA$4+6,$I10>=AA$4),"●","")) | AB10: =IF(OR($H10="",$I10=""),"",IF(AND($H10<=AB$4+6,$I10>=AB$4),"●","")) | AC10: =IF(OR($H10="",$I10=""),"",IF(AND($H10<=AC$4+6,$I10>=AC$4),"●","")) | ... AH10: =IF(OR($H10="",$I10=""),"",IF(AND($H10<=AH$4+6,$I10>=AH$4),"●",""))
A11: S2-03 | B11: ★ | C11: Стрим 2 | D11: — | E11: Задача 2.3: подтвердить готовность среды к цели | F11: B-01 | G11: KT-05 | H11: 46301 | I11: 46312 | J11: =IF(OR(H11="",I11=""),"",I11-H11+1) | K11: Участник C | L11: Роль C + Роль A | M11: 0.3 | N11: S2-02 | O11: ОН (окончание→начало) | P11: Не начато | Q11: 0 | R11: да | S11: Согласовать чеклист готовности | T11: Источник: регламент цели | V11: =IF(OR($H11="",$I11=""),"",IF(AND($H11<=V$4+6,$I11>=V$4),"●","")) | W11: =IF(OR($H11="",$I11=""),"",IF(AND($H11<=W$4+6,$I11>=W$4),"●","")) | X11: =IF(OR($H11="",$I11=""),"",IF(AND($H11<=X$4+6,$I11>=X$4),"●","")) | Y11: =IF(OR($H11="",$I11=""),"",IF(AND($H11<=Y$4+6,$I11>=Y$4),"●","")) | Z11: =IF(OR($H11="",$I11=""),"",IF(AND($H11<=Z$4+6,$I11>=Z$4),"●","")) | AA11: =IF(OR($H11="",$I11=""),"",IF(AND($H11<=AA$4+6,$I11>=AA$4),"●","")) | AB11: =IF(OR($H11="",$I11=""),"",IF(AND($H11<=AB$4+6,$I11>=AB$4),"●","")) | AC11: =IF(OR($H11="",$I11=""),"",IF(AND($H11<=AC$4+6,$I11>=AC$4),"●","")) | ... AH11: =IF(OR($H11="",$I11=""),"",IF(AND($H11<=AH$4+6,$I11>=AH$4),"●",""))
A12: S3-01 | C12: Стрим 3 | D12: — | E12: Задача 3.1: собрать реестр задач стрима 3 | F12: B-03 | G12: KT-04 | H12: 46258 | I12: 46270 | J12: =IF(OR(H12="",I12=""),"",I12-H12+1) | K12: Участник A | L12: Роль A + Роль D | M12: 0.3 | P12: В работе | Q12: 0.5 | R12: да | S12: Сверить доску со статусной встречей, убрать лишнее | T12: Источник: доска / протоколы | U12: Не раздувать объём | V12: =IF(OR($H12="",$I12=""),"",IF(AND($H12<=V$4+6,$I12>=V$4),"●","")) | W12: =IF(OR($H12="",$I12=""),"",IF(AND($H12<=W$4+6,$I12>=W$4),"●","")) | X12: =IF(OR($H12="",$I12=""),"",IF(AND($H12<=X$4+6,$I12>=X$4),"●","")) | Y12: =IF(OR($H12="",$I12=""),"",IF(AND($H12<=Y$4+6,$I12>=Y$4),"●","")) | Z12: =IF(OR($H12="",$I12=""),"",IF(AND($H12<=Z$4+6,$I12>=Z$4),"●","")) | AA12: =IF(OR($H12="",$I12=""),"",IF(AND($H12<=AA$4+6,$I12>=AA$4),"●","")) | AB12: =IF(OR($H12="",$I12=""),"",IF(AND($H12<=AB$4+6,$I12>=AB$4),"●","")) | AC12: =IF(OR($H12="",$I12=""),"",IF(AND($H12<=AC$4+6,$I12>=AC$4),"●","")) | ... AH12: =IF(OR($H12="",$I12=""),"",IF(AND($H12<=AH$4+6,$I12>=AH$4),"●",""))
A13: S3-02 | B13: ★ | C13: Стрим 3 | D13: — | E13: Задача 3.2: закрыть замечания по артефактам | F13: B-03 | G13: KT-04 | H13: 46273 | I13: 46298 | J13: =IF(OR(H13="",I13=""),"",I13-H13+1) | K13: Участник A | L13: Роль D + Роль A | M13: 0.4 | N13: S3-01,S1-01,S1-02 | O13: ОН (окончание→начало) | P13: Жду | Q13: 0.1 | R13: да | S13: Ответить на открытые пункты из последнего протокола | T13: Источник: протокол статусов | U13: В статусе «Жду» указать кого | V13: =IF(OR($H13="",$I13=""),"",IF(AND($H13<=V$4+6,$I13>=V$4),"●","")) | W13: =IF(OR($H13="",$I13=""),"",IF(AND($H13<=W$4+6,$I13>=W$4),"●","")) | X13: =IF(OR($H13="",$I13=""),"",IF(AND($H13<=X$4+6,$I13>=X$4),"●","")) | Y13: =IF(OR($H13="",$I13=""),"",IF(AND($H13<=Y$4+6,$I13>=Y$4),"●","")) | Z13: =IF(OR($H13="",$I13=""),"",IF(AND($H13<=Z$4+6,$I13>=Z$4),"●","")) | AA13: =IF(OR($H13="",$I13=""),"",IF(AND($H13<=AA$4+6,$I13>=AA$4),"●","")) | AB13: =IF(OR($H13="",$I13=""),"",IF(AND($H13<=AB$4+6,$I13>=AB$4),"●","")) | AC13: =IF(OR($H13="",$I13=""),"",IF(AND($H13<=AC$4+6,$I13>=AC$4),"●","")) | ... AH13: =IF(OR($H13="",$I13=""),"",IF(AND($H13<=AH$4+6,$I13>=AH$4),"●",""))
A14: S3-03 | C14: Стрим 3 | D14: — | E14: Задача 3.3: оформить допуск к цели | F14: B-03 | G14: KT-04 | H14: 46301 | I14: 46305 | J14: =IF(OR(H14="",I14=""),"",I14-H14+1) | K14: Участник D | L14: Роль D | M14: 0.2 | N14: S3-02,S2-02 | O14: ОН (окончание→начало) | P14: Не начато | Q14: 0 | R14: да | S14: Запросить формат протокола допуска | T14: Источник: регламент / папка цели | U14: Блокер старта цели | V14: =IF(OR($H14="",$I14=""),"",IF(AND($H14<=V$4+6,$I14>=V$4),"●","")) | W14: =IF(OR($H14="",$I14=""),"",IF(AND($H14<=W$4+6,$I14>=W$4),"●","")) | X14: =IF(OR($H14="",$I14=""),"",IF(AND($H14<=X$4+6,$I14>=X$4),"●","")) | Y14: =IF(OR($H14="",$I14=""),"",IF(AND($H14<=Y$4+6,$I14>=Y$4),"●","")) | Z14: =IF(OR($H14="",$I14=""),"",IF(AND($H14<=Z$4+6,$I14>=Z$4),"●","")) | AA14: =IF(OR($H14="",$I14=""),"",IF(AND($H14<=AA$4+6,$I14>=AA$4),"●","")) | AB14: =IF(OR($H14="",$I14=""),"",IF(AND($H14<=AB$4+6,$I14>=AB$4),"●","")) | AC14: =IF(OR($H14="",$I14=""),"",IF(AND($H14<=AC$4+6,$I14>=AC$4),"●","")) | ... AH14: =IF(OR($H14="",$I14=""),"",IF(AND($H14<=AH$4+6,$I14>=AH$4),"●",""))
A15: S4-01 | C15: Стрим 4 | D15: — | E15: Задача 4.1: понять, нужны ли проверки до цели | F15: B-04 | G15: KT-05 | H15: 46280 | I15: 46284 | J15: =IF(OR(H15="",I15=""),"",I15-H15+1) | K15: Участник A / Участник E | L15: Роль E | M15: 0.2 | P15: Не начато | Q15: 0 | R15: нет | S15: Выяснить у владельца, блокирует ли цель; если нет — «Отложено» | T15: Источник: доска стрима 4 | U15: Не держать в фокусе, пока не ясно | V15: =IF(OR($H15="",$I15=""),"",IF(AND($H15<=V$4+6,$I15>=V$4),"●","")) | W15: =IF(OR($H15="",$I15=""),"",IF(AND($H15<=W$4+6,$I15>=W$4),"●","")) | X15: =IF(OR($H15="",$I15=""),"",IF(AND($H15<=X$4+6,$I15>=X$4),"●","")) | Y15: =IF(OR($H15="",$I15=""),"",IF(AND($H15<=Y$4+6,$I15>=Y$4),"●","")) | Z15: =IF(OR($H15="",$I15=""),"",IF(AND($H15<=Z$4+6,$I15>=Z$4),"●","")) | AA15: =IF(OR($H15="",$I15=""),"",IF(AND($H15<=AA$4+6,$I15>=AA$4),"●","")) | AB15: =IF(OR($H15="",$I15=""),"",IF(AND($H15<=AB$4+6,$I15>=AB$4),"●","")) | AC15: =IF(OR($H15="",$I15=""),"",IF(AND($H15<=AC$4+6,$I15>=AC$4),"●","")) | ... AH15: =IF(OR($H15="",$I15=""),"",IF(AND($H15<=AH$4+6,$I15>=AH$4),"●",""))
A16: S4-02 | C16: Стрим 4 | D16: — | E16: Задача 4.2: исправления по проверкам (если блокер) | F16: B-04 | G16: KT-05 | H16: 46287 | I16: 46305 | J16: =IF(OR(H16="",I16=""),"",I16-H16+1) | K16: Участник E | L16: Роль E | M16: 0.4 | N16: S4-01 | O16: ОН (окончание→начало) | P16: Отложено | Q16: 0 | R16: нет | S16: Не начинать, пока 4.1 не дал «да, блокирует» | V16: =IF(OR($H16="",$I16=""),"",IF(AND($H16<=V$4+6,$I16>=V$4),"●","")) | W16: =IF(OR($H16="",$I16=""),"",IF(AND($H16<=W$4+6,$I16>=W$4),"●","")) | X16: =IF(OR($H16="",$I16=""),"",IF(AND($H16<=X$4+6,$I16>=X$4),"●","")) | Y16: =IF(OR($H16="",$I16=""),"",IF(AND($H16<=Y$4+6,$I16>=Y$4),"●","")) | Z16: =IF(OR($H16="",$I16=""),"",IF(AND($H16<=Z$4+6,$I16>=Z$4),"●","")) | AA16: =IF(OR($H16="",$I16=""),"",IF(AND($H16<=AA$4+6,$I16>=AA$4),"●","")) | AB16: =IF(OR($H16="",$I16=""),"",IF(AND($H16<=AB$4+6,$I16>=AB$4),"●","")) | AC16: =IF(OR($H16="",$I16=""),"",IF(AND($H16<=AC$4+6,$I16>=AC$4),"●","")) | ... AH16: =IF(OR($H16="",$I16=""),"",IF(AND($H16<=AH$4+6,$I16>=AH$4),"●",""))
A17: S5-01 | C17: Стрим 5 | D17: Подстрим 5.3 | E17: Задача 5.1: разделить стримы и план передачи | F17: B-05 | G17: KT-01 | H17: 46266 | I17: 46270 | J17: =IF(OR(H17="",I17=""),"",I17-H17+1) | K17: Участник A + Участник F | L17: Две роли ведения | M17: 0.4 | P17: Не начато | Q17: 0 | R17: нет | S17: Таблица: стрим → кто ведёт с даты X | T17: Источник: этот файл | U17: Чтобы не тащить все стримы одному | V17: =IF(OR($H17="",$I17=""),"",IF(AND($H17<=V$4+6,$I17>=V$4),"●","")) | W17: =IF(OR($H17="",$I17=""),"",IF(AND($H17<=W$4+6,$I17>=W$4),"●","")) | X17: =IF(OR($H17="",$I17=""),"",IF(AND($H17<=X$4+6,$I17>=X$4),"●","")) | Y17: =IF(OR($H17="",$I17=""),"",IF(AND($H17<=Y$4+6,$I17>=Y$4),"●","")) | Z17: =IF(OR($H17="",$I17=""),"",IF(AND($H17<=Z$4+6,$I17>=Z$4),"●","")) | AA17: =IF(OR($H17="",$I17=""),"",IF(AND($H17<=AA$4+6,$I17>=AA$4),"●","")) | AB17: =IF(OR($H17="",$I17=""),"",IF(AND($H17<=AB$4+6,$I17>=AB$4),"●","")) | AC17: =IF(OR($H17="",$I17=""),"",IF(AND($H17<=AC$4+6,$I17>=AC$4),"●","")) | ... AH17: =IF(OR($H17="",$I17=""),"",IF(AND($H17<=AH$4+6,$I17>=AH$4),"●",""))
A18: S5-02 | C18: Стрим 5 | D18: Подстрим 5.7 | E18: Задача 5.2: короткий письменный статус вместо длинных обсуждений | F18: B-05 | G18: KT-01 | H18: 46258 | I18: 46315 | J18: =IF(OR(H18="",I18=""),"",I18-H18+1) | K18: Участник A | L18: Роль A | M18: 0.1 | P18: В работе | Q18: 0.1 | R18: нет | S18: Раз в 1–2 дня 5–7 строк в чат из ★-задач | T18: Источник: чат команды | U18: Ритуал, не задача доски | V18: =IF(OR($H18="",$I18=""),"",IF(AND($H18<=V$4+6,$I18>=V$4),"●","")) | W18: =IF(OR($H18="",$I18=""),"",IF(AND($H18<=W$4+6,$I18>=W$4),"●","")) | X18: =IF(OR($H18="",$I18=""),"",IF(AND($H18<=X$4+6,$I18>=X$4),"●","")) | Y18: =IF(OR($H18="",$I18=""),"",IF(AND($H18<=Y$4+6,$I18>=Y$4),"●","")) | Z18: =IF(OR($H18="",$I18=""),"",IF(AND($H18<=Z$4+6,$I18>=Z$4),"●","")) | AA18: =IF(OR($H18="",$I18=""),"",IF(AND($H18<=AA$4+6,$I18>=AA$4),"●","")) | AB18: =IF(OR($H18="",$I18=""),"",IF(AND($H18<=AB$4+6,$I18>=AB$4),"●","")) | AC18: =IF(OR($H18="",$I18=""),"",IF(AND($H18<=AC$4+6,$I18>=AC$4),"●","")) | ... AH18: =IF(OR($H18="",$I18=""),"",IF(AND($H18<=AH$4+6,$I18>=AH$4),"●",""))
A19: S5-03 | C19: Стрим 5 | D19: Подстрим 5.6 | E19: Задача 5.3: подстримы отчётности — только при своём сроке | F19: B-05 | G19: KT-01 | H19: 46273 | I19: 46277 | J19: =IF(OR(H19="",I19=""),"",I19-H19+1) | K19: Участник G / Участник A | L19: Роль A | M19: 0.1 | P19: Отложено | Q19: 0 | R19: нет | S19: Просмотреть входящие: есть ли дедлайн на мне. Если нет — не вести | T19: Источник: почта / доска | U19: Не плодить лишние строки | V19: =IF(OR($H19="",$I19=""),"",IF(AND($H19<=V$4+6,$I19>=V$4),"●","")) | W19: =IF(OR($H19="",$I19=""),"",IF(AND($H19<=W$4+6,$I19>=W$4),"●","")) | X19: =IF(OR($H19="",$I19=""),"",IF(AND($H19<=X$4+6,$I19>=X$4),"●","")) | Y19: =IF(OR($H19="",$I19=""),"",IF(AND($H19<=Y$4+6,$I19>=Y$4),"●","")) | Z19: =IF(OR($H19="",$I19=""),"",IF(AND($H19<=Z$4+6,$I19>=Z$4),"●","")) | AA19: =IF(OR($H19="",$I19=""),"",IF(AND($H19<=AA$4+6,$I19>=AA$4),"●","")) | AB19: =IF(OR($H19="",$I19=""),"",IF(AND($H19<=AB$4+6,$I19>=AB$4),"●","")) | AC19: =IF(OR($H19="",$I19=""),"",IF(AND($H19<=AC$4+6,$I19>=AC$4),"●","")) | ... AH19: =IF(OR($H19="",$I19=""),"",IF(AND($H19<=AH$4+6,$I19>=AH$4),"●",""))
J20: =IF(OR(H20="",I20=""),"",I20-H20+1) | V20: =IF(OR($H20="",$I20=""),"",IF(AND($H20<=V$4+6,$I20>=V$4),"●","")) | W20: =IF(OR($H20="",$I20=""),"",IF(AND($H20<=W$4+6,$I20>=W$4),"●","")) | X20: =IF(OR($H20="",$I20=""),"",IF(AND($H20<=X$4+6,$I20>=X$4),"●","")) | Y20: =IF(OR($H20="",$I20=""),"",IF(AND($H20<=Y$4+6,$I20>=Y$4),"●","")) | Z20: =IF(OR($H20="",$I20=""),"",IF(AND($H20<=Z$4+6,$I20>=Z$4),"●","")) | AA20: =IF(OR($H20="",$I20=""),"",IF(AND($H20<=AA$4+6,$I20>=AA$4),"●","")) | AB20: =IF(OR($H20="",$I20=""),"",IF(AND($H20<=AB$4+6,$I20>=AB$4),"●","")) | AC20: =IF(OR($H20="",$I20=""),"",IF(AND($H20<=AC$4+6,$I20>=AC$4),"●","")) | ... AH20: =IF(OR($H20="",$I20=""),"",IF(AND($H20<=AH$4+6,$I20>=AH$4),"●",""))
J21: =IF(OR(H21="",I21=""),"",I21-H21+1) | V21: =IF(OR($H21="",$I21=""),"",IF(AND($H21<=V$4+6,$I21>=V$4),"●","")) | W21: =IF(OR($H21="",$I21=""),"",IF(AND($H21<=W$4+6,$I21>=W$4),"●","")) | X21: =IF(OR($H21="",$I21=""),"",IF(AND($H21<=X$4+6,$I21>=X$4),"●","")) | Y21: =IF(OR($H21="",$I21=""),"",IF(AND($H21<=Y$4+6,$I21>=Y$4),"●","")) | Z21: =IF(OR($H21="",$I21=""),"",IF(AND($H21<=Z$4+6,$I21>=Z$4),"●","")) | AA21: =IF(OR($H21="",$I21=""),"",IF(AND($H21<=AA$4+6,$I21>=AA$4),"●","")) | AB21: =IF(OR($H21="",$I21=""),"",IF(AND($H21<=AB$4+6,$I21>=AB$4),"●","")) | AC21: =IF(OR($H21="",$I21=""),"",IF(AND($H21<=AC$4+6,$I21>=AC$4),"●","")) | ... AH21: =IF(OR($H21="",$I21=""),"",IF(AND($H21<=AH$4+6,$I21>=AH$4),"●",""))
J22: =IF(OR(H22="",I22=""),"",I22-H22+1) | V22: =IF(OR($H22="",$I22=""),"",IF(AND($H22<=V$4+6,$I22>=V$4),"●","")) | W22: =IF(OR($H22="",$I22=""),"",IF(AND($H22<=W$4+6,$I22>=W$4),"●","")) | X22: =IF(OR($H22="",$I22=""),"",IF(AND($H22<=X$4+6,$I22>=X$4),"●","")) | Y22: =IF(OR($H22="",$I22=""),"",IF(AND($H22<=Y$4+6,$I22>=Y$4),"●","")) | Z22: =IF(OR($H22="",$I22=""),"",IF(AND($H22<=Z$4+6,$I22>=Z$4),"●","")) | AA22: =IF(OR($H22="",$I22=""),"",IF(AND($H22<=AA$4+6,$I22>=AA$4),"●","")) | AB22: =IF(OR($H22="",$I22=""),"",IF(AND($H22<=AB$4+6,$I22>=AB$4),"●","")) | AC22: =IF(OR($H22="",$I22=""),"",IF(AND($H22<=AC$4+6,$I22>=AC$4),"●","")) | ... AH22: =IF(OR($H22="",$I22=""),"",IF(AND($H22<=AH$4+6,$I22>=AH$4),"●",""))
J23: =IF(OR(H23="",I23=""),"",I23-H23+1) | V23: =IF(OR($H23="",$I23=""),"",IF(AND($H23<=V$4+6,$I23>=V$4),"●","")) | W23: =IF(OR($H23="",$I23=""),"",IF(AND($H23<=W$4+6,$I23>=W$4),"●","")) | X23: =IF(OR($H23="",$I23=""),"",IF(AND($H23<=X$4+6,$I23>=X$4),"●","")) | Y23: =IF(OR($H23="",$I23=""),"",IF(AND($H23<=Y$4+6,$I23>=Y$4),"●","")) | Z23: =IF(OR($H23="",$I23=""),"",IF(AND($H23<=Z$4+6,$I23>=Z$4),"●","")) | AA23: =IF(OR($H23="",$I23=""),"",IF(AND($H23<=AA$4+6,$I23>=AA$4),"●","")) | AB23: =IF(OR($H23="",$I23=""),"",IF(AND($H23<=AB$4+6,$I23>=AB$4),"●","")) | AC23: =IF(OR($H23="",$I23=""),"",IF(AND($H23<=AC$4+6,$I23>=AC$4),"●","")) | ... AH23: =IF(OR($H23="",$I23=""),"",IF(AND($H23<=AH$4+6,$I23>=AH$4),"●",""))
J24: =IF(OR(H24="",I24=""),"",I24-H24+1) | V24: =IF(OR($H24="",$I24=""),"",IF(AND($H24<=V$4+6,$I24>=V$4),"●","")) | W24: =IF(OR($H24="",$I24=""),"",IF(AND($H24<=W$4+6,$I24>=W$4),"●","")) | X24: =IF(OR($H24="",$I24=""),"",IF(AND($H24<=X$4+6,$I24>=X$4),"●","")) | Y24: =IF(OR($H24="",$I24=""),"",IF(AND($H24<=Y$4+6,$I24>=Y$4),"●","")) | Z24: =IF(OR($H24="",$I24=""),"",IF(AND($H24<=Z$4+6,$I24>=Z$4),"●","")) | AA24: =IF(OR($H24="",$I24=""),"",IF(AND($H24<=AA$4+6,$I24>=AA$4),"●","")) | AB24: =IF(OR($H24="",$I24=""),"",IF(AND($H24<=AB$4+6,$I24>=AB$4),"●","")) | AC24: =IF(OR($H24="",$I24=""),"",IF(AND($H24<=AC$4+6,$I24>=AC$4),"●","")) | ... AH24: =IF(OR($H24="",$I24=""),"",IF(AND($H24<=AH$4+6,$I24>=AH$4),"●",""))
J25: =IF(OR(H25="",I25=""),"",I25-H25+1) | V25: =IF(OR($H25="",$I25=""),"",IF(AND($H25<=V$4+6,$I25>=V$4),"●","")) | W25: =IF(OR($H25="",$I25=""),"",IF(AND($H25<=W$4+6,$I25>=W$4),"●","")) | X25: =IF(OR($H25="",$I25=""),"",IF(AND($H25<=X$4+6,$I25>=X$4),"●","")) | Y25: =IF(OR($H25="",$I25=""),"",IF(AND($H25<=Y$4+6,$I25>=Y$4),"●","")) | Z25: =IF(OR($H25="",$I25=""),"",IF(AND($H25<=Z$4+6,$I25>=Z$4),"●","")) | AA25: =IF(OR($H25="",$I25=""),"",IF(AND($H25<=AA$4+6,$I25>=AA$4),"●","")) | AB25: =IF(OR($H25="",$I25=""),"",IF(AND($H25<=AB$4+6,$I25>=AB$4),"●","")) | AC25: =IF(OR($H25="",$I25=""),"",IF(AND($H25<=AC$4+6,$I25>=AC$4),"●","")) | ... AH25: =IF(OR($H25="",$I25=""),"",IF(AND($H25<=AH$4+6,$I25>=AH$4),"●",""))
J26: =IF(OR(H26="",I26=""),"",I26-H26+1) | V26: =IF(OR($H26="",$I26=""),"",IF(AND($H26<=V$4+6,$I26>=V$4),"●","")) | W26: =IF(OR($H26="",$I26=""),"",IF(AND($H26<=W$4+6,$I26>=W$4),"●","")) | X26: =IF(OR($H26="",$I26=""),"",IF(AND($H26<=X$4+6,$I26>=X$4),"●","")) | Y26: =IF(OR($H26="",$I26=""),"",IF(AND($H26<=Y$4+6,$I26>=Y$4),"●","")) | Z26: =IF(OR($H26="",$I26=""),"",IF(AND($H26<=Z$4+6,$I26>=Z$4),"●","")) | AA26: =IF(OR($H26="",$I26=""),"",IF(AND($H26<=AA$4+6,$I26>=AA$4),"●","")) | AB26: =IF(OR($H26="",$I26=""),"",IF(AND($H26<=AB$4+6,$I26>=AB$4),"●","")) | AC26: =IF(OR($H26="",$I26=""),"",IF(AND($H26<=AC$4+6,$I26>=AC$4),"●","")) | ... AH26: =IF(OR($H26="",$I26=""),"",IF(AND($H26<=AH$4+6,$I26>=AH$4),"●",""))
J27: =IF(OR(H27="",I27=""),"",I27-H27+1) | V27: =IF(OR($H27="",$I27=""),"",IF(AND($H27<=V$4+6,$I27>=V$4),"●","")) | W27: =IF(OR($H27="",$I27=""),"",IF(AND($H27<=W$4+6,$I27>=W$4),"●","")) | X27: =IF(OR($H27="",$I27=""),"",IF(AND($H27<=X$4+6,$I27>=X$4),"●","")) | Y27: =IF(OR($H27="",$I27=""),"",IF(AND($H27<=Y$4+6,$I27>=Y$4),"●","")) | Z27: =IF(OR($H27="",$I27=""),"",IF(AND($H27<=Z$4+6,$I27>=Z$4),"●","")) | AA27: =IF(OR($H27="",$I27=""),"",IF(AND($H27<=AA$4+6,$I27>=AA$4),"●","")) | AB27: =IF(OR($H27="",$I27=""),"",IF(AND($H27<=AB$4+6,$I27>=AB$4),"●","")) | AC27: =IF(OR($H27="",$I27=""),"",IF(AND($H27<=AC$4+6,$I27>=AC$4),"●","")) | ... AH27: =IF(OR($H27="",$I27=""),"",IF(AND($H27<=AH$4+6,$I27>=AH$4),"●",""))
J28: =IF(OR(H28="",I28=""),"",I28-H28+1) | V28: =IF(OR($H28="",$I28=""),"",IF(AND($H28<=V$4+6,$I28>=V$4),"●","")) | W28: =IF(OR($H28="",$I28=""),"",IF(AND($H28<=W$4+6,$I28>=W$4),"●","")) | X28: =IF(OR($H28="",$I28=""),"",IF(AND($H28<=X$4+6,$I28>=X$4),"●","")) | Y28: =IF(OR($H28="",$I28=""),"",IF(AND($H28<=Y$4+6,$I28>=Y$4),"●","")) | Z28: =IF(OR($H28="",$I28=""),"",IF(AND($H28<=Z$4+6,$I28>=Z$4),"●","")) | AA28: =IF(OR($H28="",$I28=""),"",IF(AND($H28<=AA$4+6,$I28>=AA$4),"●","")) | AB28: =IF(OR($H28="",$I28=""),"",IF(AND($H28<=AB$4+6,$I28>=AB$4),"●","")) | AC28: =IF(OR($H28="",$I28=""),"",IF(AND($H28<=AC$4+6,$I28>=AC$4),"●","")) | ... AH28: =IF(OR($H28="",$I28=""),"",IF(AND($H28<=AH$4+6,$I28>=AH$4),"●",""))
J29: =IF(OR(H29="",I29=""),"",I29-H29+1) | V29: =IF(OR($H29="",$I29=""),"",IF(AND($H29<=V$4+6,$I29>=V$4),"●","")) | W29: =IF(OR($H29="",$I29=""),"",IF(AND($H29<=W$4+6,$I29>=W$4),"●","")) | X29: =IF(OR($H29="",$I29=""),"",IF(AND($H29<=X$4+6,$I29>=X$4),"●","")) | Y29: =IF(OR($H29="",$I29=""),"",IF(AND($H29<=Y$4+6,$I29>=Y$4),"●","")) | Z29: =IF(OR($H29="",$I29=""),"",IF(AND($H29<=Z$4+6,$I29>=Z$4),"●","")) | AA29: =IF(OR($H29="",$I29=""),"",IF(AND($H29<=AA$4+6,$I29>=AA$4),"●","")) | AB29: =IF(OR($H29="",$I29=""),"",IF(AND($H29<=AB$4+6,$I29>=AB$4),"●","")) | AC29: =IF(OR($H29="",$I29=""),"",IF(AND($H29<=AC$4+6,$I29>=AC$4),"●","")) | ... AH29: =IF(OR($H29="",$I29=""),"",IF(AND($H29<=AH$4+6,$I29>=AH$4),"●",""))
J30: =IF(OR(H30="",I30=""),"",I30-H30+1) | V30: =IF(OR($H30="",$I30=""),"",IF(AND($H30<=V$4+6,$I30>=V$4),"●","")) | W30: =IF(OR($H30="",$I30=""),"",IF(AND($H30<=W$4+6,$I30>=W$4),"●","")) | X30: =IF(OR($H30="",$I30=""),"",IF(AND($H30<=X$4+6,$I30>=X$4),"●","")) | Y30: =IF(OR($H30="",$I30=""),"",IF(AND($H30<=Y$4+6,$I30>=Y$4),"●","")) | Z30: =IF(OR($H30="",$I30=""),"",IF(AND($H30<=Z$4+6,$I30>=Z$4),"●","")) | AA30: =IF(OR($H30="",$I30=""),"",IF(AND($H30<=AA$4+6,$I30>=AA$4),"●","")) | AB30: =IF(OR($H30="",$I30=""),"",IF(AND($H30<=AB$4+6,$I30>=AB$4),"●","")) | AC30: =IF(OR($H30="",$I30=""),"",IF(AND($H30<=AC$4+6,$I30>=AC$4),"●","")) | ... AH30: =IF(OR($H30="",$I30=""),"",IF(AND($H30<=AH$4+6,$I30>=AH$4),"●",""))
J31: =IF(OR(H31="",I31=""),"",I31-H31+1) | V31: =IF(OR($H31="",$I31=""),"",IF(AND($H31<=V$4+6,$I31>=V$4),"●","")) | W31: =IF(OR($H31="",$I31=""),"",IF(AND($H31<=W$4+6,$I31>=W$4),"●","")) | X31: =IF(OR($H31="",$I31=""),"",IF(AND($H31<=X$4+6,$I31>=X$4),"●","")) | Y31: =IF(OR($H31="",$I31=""),"",IF(AND($H31<=Y$4+6,$I31>=Y$4),"●","")) | Z31: =IF(OR($H31="",$I31=""),"",IF(AND($H31<=Z$4+6,$I31>=Z$4),"●","")) | AA31: =IF(OR($H31="",$I31=""),"",IF(AND($H31<=AA$4+6,$I31>=AA$4),"●","")) | AB31: =IF(OR($H31="",$I31=""),"",IF(AND($H31<=AB$4+6,$I31>=AB$4),"●","")) | AC31: =IF(OR($H31="",$I31=""),"",IF(AND($H31<=AC$4+6,$I31>=AC$4),"●","")) | ... AH31: =IF(OR($H31="",$I31=""),"",IF(AND($H31<=AH$4+6,$I31>=AH$4),"●",""))
... J40: =IF(OR(H40="",I40=""),"",I40-H40+1) | V40: =IF(OR($H40="",$I40=""),"",IF(AND($H40<=V$4+6,$I40>=V$4),"●","")) | W40: =IF(OR($H40="",$I40=""),"",IF(AND($H40<=W$4+6,$I40>=W$4),"●","")) | X40: =IF(OR($H40="",$I40=""),"",IF(AND($H40<=X$4+6,$I40>=X$4),"●","")) | Y40: =IF(OR($H40="",$I40=""),"",IF(AND($H40<=Y$4+6,$I40>=Y$4),"●","")) | Z40: =IF(OR($H40="",$I40=""),"",IF(AND($H40<=Z$4+6,$I40>=Z$4),"●","")) | AA40: =IF(OR($H40="",$I40=""),"",IF(AND($H40<=AA$4+6,$I40>=AA$4),"●","")) | AB40: =IF(OR($H40="",$I40=""),"",IF(AND($H40<=AB$4+6,$I40>=AB$4),"●","")) | AC40: =IF(OR($H40="",$I40=""),"",IF(AND($H40<=AC$4+6,$I40>=AC$4),"●","")) | ... AH40: =IF(OR($H40="",$I40=""),"",IF(AND($H40<=AH$4+6,$I40>=AH$4),"●",""))

Sheet Контрольные_точки
A1: Контрольные точки и вехи. План_работ ссылается сюда по ID (колонка «КТ»)
A2: ПРИМЕР дат. KT-05 — якорь общей цели проекта.
A4: ID | B4: Тип | C4: Название | D4: Дата | E4: Бизнес ID | F4: Какие стримы должны быть готовы | G4: Критерий готовности (DoD) | H4: Статус | I4: Комментарий
A5: KT-01 | B5: Контрольная точка | C5: КТ 1: зафиксирован состав работ и разделение стримов | D5: 46270 | E5: B-05 | F5: Стрим 5, роли ведения | G5: Есть список: что закрываем к цели, что передаём | H5: В работе | I5: Сделать после возвращения второго участника
A6: KT-02 | B6: Веха | C6: КТ 2: документ этапа согласован | D6: 46277 | E6: B-02 | F6: Стрим 1, Стрим 3, Стрим 2 | G6: Документ на общем диске, замечания закрыты или в бэклоге | H6: В зоне риска | I6: Вход для схем
A7: KT-03 | B7: Веха | C7: КТ 3: схемы и параметры готовы | D7: 46291 | E7: B-02 | F7: Стрим 1, Стрим 2 | G7: Схемы + таблица параметров согласованы, путь в «Источник» | H7: Не начата | I7: Расчёт параметров — типичный ★
A8: KT-04 | B8: Контрольная точка | C8: КТ 4: допуск стрима 3 | D8: 46305 | E8: B-03 | F8: Стрим 3, Стрим 1, Стрим 2 | G8: Замечания закрыты или принят остаточный риск, есть протокол | H8: Не начата | I8: Сверять на статусах стрима 3
A9: KT-05 | B9: Цель проекта | C9: КТ 5: старт этапа проверки | D9: 46315 | E9: B-01 | F9: Стрим 1, Стрим 2, Стрим 3, Стрим 4 | G9: Пакет артефактов + среда + допуск + решение по данным | H9: Не начата | I9: Общая цель карты стримов

Sheet Бизнес_задачи
A1: Бизнес-задачи и цели — к ним привязывается план (колонка «Бизнес ID»)
A2: ПРИМЕРЫ. Обезличенные формулировки. ID вида B-01 не меняйте в уже привязанных строках плана.
A4: ID | B4: Бизнес-задача / цель | C4: Зачем (ценность / риск если нет) | D4: Владелец со стороны бизнеса | E4: Связанные КТ | F4: Стримы | G4: Комментарий
A5: B-01 | B5: Цель 1: выход на этап проверки | C5: Без цели 1 нет проверки контура и закрытия этапа | D5: Владелец бизнеса 1 | E5: KT-05 | F5: Стрим 1, Стрим 2, Стрим 3, Стрим 4 | G5: Главная цель, к которой сходятся стримы
A6: B-02 | B6: Цель 2: согласованные параметры и среда | C6: Иначе подготовка среды и допуск идут вслепую | D6: Владелец стрима 1 + стрима 2 | E6: KT-02, KT-03 | F6: Стрим 1, Стрим 2 | G6: Цепочка: документ → схемы → параметры
A7: B-03 | B7: Цель 3: допуск по требованиям стрима 3 | C7: Без допуска контур нельзя выводить на цель 1 | D7: Владелец стрима 3 | E7: KT-04 | F7: Стрим 3, Стрим 1 | G7: Статусные встречи стрима 3 = сверка
A8: B-04 | B8: Цель 4: данные пригодны для проверки | C8: Проверка на некачественных данных даёт ложный результат | D8: Владелец стрима 4 | E8: KT-05 | F8: Стрим 4 | G8: Вести только если реально блокирует цель 1
A9: B-05 | B9: Цель 5: управляемость проекта | C9: Без этого ежедневный статус превращается в разбор 30 задач без порядка | D9: Владелец проекта / роль ведения | E9: KT-01 | F9: Стрим 5 | G9: Не расписывать все подстримы заранее

Sheet Взаимосвязи
A1: Взаимосвязи: что от чего зависит. Дублирует «Предшественники» в плане, но читается как схема.
A2: Тип ОН = нельзя начать, пока не закончена предыдущая. НН = можно стартовать параллельно. Критичная = срыв тянет КТ/цель.
A4: От (ID) | B4: От (что) | C4: К (ID) | D4: К (что) | E4: Тип связи | F4: Критичная для цель | G4: Пояснение простым языком
A5: S1-01 | B5: Задача 1.1 | C5: S1-02 | D5: Задача 1.2 | E5: ОН (окончание→начало) | F5: да | G5: Схемы без документа — работа в пустоту
A6: S1-01 | B6: Задача 1.1 | C6: S2-01 | D6: Задача 2.1 | E6: НН (начало→начало) | F6: да | G6: Стрим 2 может готовить вопросы параллельно
A7: S1-02 | B7: Задача 1.2 | C7: S1-03 | D7: Задача 1.3 | E7: ОН (окончание→начало) | F7: да | G7: Параметры считаются по схемам
A8: S1-03 | B8: Задача 1.3 | C8: S2-02 | D8: Задача 2.2 | E8: ОН (окончание→начало) | F8: да | G8: Иначе среда может быть собрана «не того размера»
A9: S1-01 | B9: Задача 1.1 | C9: S3-02 | D9: Задача 3.2 | E9: ОН (окончание→начало) | F9: да | G9: Стрим 3 комментирует документ и схемы
A10: S1-02 | B10: Задача 1.2 | C10: S3-02 | D10: Задача 3.2 | E10: ОН (окончание→начало) | F10: да | G10: Проверка сегментации / границ
A11: S3-01 | B11: Задача 3.1 | C11: S3-02 | D11: Задача 3.2 | E11: ОН (окончание→начало) | F11: да | G11: Сначала список, потом закрытие
A12: S3-02 | B12: Задача 3.2 | C12: S3-03 | D12: Задача 3.3 | E12: ОН (окончание→начало) | F12: да | G12: Допуск = закрытый или принятый остаток
A13: S2-02 | B13: Задача 2.2 | C13: S3-03 | D13: Задача 3.3 | E13: ОН (окончание→начало) | F13: да | G13: Допускают конкретную среду, не только бумагу
A14: S2-02 | B14: Задача 2.2 | C14: S2-03 | D14: Задача 2.3 | E14: ОН (окончание→начало) | F14: да | G14: Чеклист после появления среды
A15: S1-04 | B15: Задача 1.4 | C15: KT-05 | D15: КТ 5 / цель | E15: ОН (окончание→начало) | F15: да | G15: Артефакты в пакете цели
... A19: S5-01 | B19: Задача 5.1 | C19: S1-03 | D19: Задача 1.3 и дальше | E19: ОН (окончание→начало) | F19: нет | G19: Иначе один участник тащит все стримы

Sheet Ресурсы
A1: Ресурсы: люди, среды, внешние. Связь с задачами плана по ID.
A2: Загрузка >100% на одной неделе = конфликт. Временное покрытие чужих стримов отражено отдельной строкой.
A4: ID ресурса | B4: Имя / название | C4: Тип | D4: Стрим | E4: Роль | F4: С | G4: По | H4: Загрузка % | I4: Задачи (ID через запятую)
A5: R-01 | B5: Участник A | C5: Человек | D5: Стрим 1 | E5: Ведение стрима 1, документ, параметры, пакет | F5: 46258 | G5: 46315 | H5: 0.6 | I5: S1-01,S1-03,S1-04,S3-01,S5-01
A6: R-02 | B6: Участник A — временное покрытие | C6: Человек | D6: Стрим 5 | E6: Временно несколько стримов до даты X | F6: 46258 | G6: 46266 | H6: 1 | I6: S3-01,S5-02
A7: R-03 | B7: Участник F | C7: Человек | D7: Стрим 5 | E7: Возврат стримов с даты X | F7: 46266 | G7: 46315 | H7: 0.5 | I7: S5-01
A8: R-04 | B8: Участник C | C8: Человек | D8: Стрим 2 | E8: Среда, стенд, готовность | F8: 46265 | G8: 46315 | H8: 0.7 | I8: S2-01,S2-02,S2-03
A9: R-05 | B9: Среда / стенд цели | C9: Стенд / контур | D9: Стрим 2 | E9: Среда этапа проверки | F9: 46279 | G9: 46315 | H9: 1 | I9: S2-02,S2-03,S3-03
A10: R-06 | B10: Участник D | C10: Человек | D10: Стрим 3 | E10: Замечания, статусы, допуск | F10: 46258 | G10: 46305 | H10: 0.3 | I10: S3-01,S3-02,S3-03
A11: R-07 | B11: Участник B | C11: Человек | D11: Стрим 1 | E11: Схемы этапа | F11: 46273 | G11: 46284 | H11: 0.4 | I11: S1-02
A12: R-08 | B12: Участник E | C12: Человек | D12: Стрим 4 | E12: Проверки к цели | F12: 46280 | G12: 46305 | H12: 0.2 | I12: S4-01,S4-02

Sheet Справочники
A1: Стрим | B1: Подстрим | C1: Статус | D1: Да/нет | E1: Тип связи | F1: Тип КТ | G1: Статус КТ | H1: Тип ресурса
A2: Стрим 1 | B2: — | C2: Не начато | D2: да | E2: ОН (окончание→начало) | F2: Контрольная точка | G2: Не начата | H2: Человек
A3: Стрим 2 | B3: Подстрим 5.1 | C3: В работе | D3: нет | E3: НН (начало→начало) | F3: Веха | G3: В зоне риска | H3: Стенд / контур
A4: Стрим 3 | B4: Подстрим 5.2 | C4: Жду | E4: ОО (окончание→окончание) | F4: Цель проекта | G4: В срок | H4: Внешний подряд
A5: Стрим 4 | B5: Подстрим 5.3 | C5: Готово | G5: Пройдена | H5: Лицензия / инструмент
A6: Стрим 5 | B6: Подстрим 5.4 | C6: Отложено | G6: Сдвинута
B7: Подстрим 5.5 | C7: Передано
B8: Подстрим 5.6
B9: Подстрим 5.7
B10: Подстрим 5.8
